Page URL,New Meta Description,Date Generated
https://docs.speedscale.com/setup/install/ecs/,"This documentation outlines the steps for installing Speedscale on Amazon ECS, providing a clear and comprehensive guide for users. It covers prerequisites, configuration, and verification to ensure a smooth setup process.",1730812049200
https://docs.speedscale.com/reference/transform-traffic/transforms/constant/,"Learn how to implement constant transformations with Speedscale to modify traffic patterns and enhance testing environments. This documentation provides a comprehensive guide to configuring and utilizing constant transformations effectively.",1730812049201
https://docs.speedscale.com/setup/install/azure/,"This documentation provides a detailed guide for setting up Speedscale on Azure, including prerequisites and step-by-step installation instructions. Enhance your application testing and performance monitoring by integrating Speedscale seamlessly into your Azure environment.",1730812049201
https://docs.speedscale.com/reference/transform-traffic/transforms/base64/,"Discover how to utilize Base64 transformations in Speedscale to efficiently encode and decode data in your traffic flows. This documentation provides detailed guidance on implementing Base64 encoding for your applications to enhance performance and compatibility.",1730812049201
https://docs.speedscale.com/guides/tls/,"Learn how to secure your applications with TLS by implementing best practices and configurations outlined in Speedscale's comprehensive guide. This documentation provides essential steps to enhance communication security and ensure data integrity for your services.",1730812049202
https://docs.speedscale.com/reference/transform-traffic/transforms/smart_replace/,"Learn how to utilize Speedscale's Smart Replace feature to efficiently modify API responses during testing. This documentation provides clear instructions and examples for implementing traffic transforms to enhance your application's performance.",1730812049231
https://docs.speedscale.com/guides/replay/mocks/edit-sig/,"Learn how to edit signature mocks in Speedscale to enhance your API testing and streamline your development process. This guide provides clear instructions and best practices for effectively managing mocks within your applications.",1730812049272
https://docs.speedscale.com/reference/transform-traffic/extractors/target_hostname/,"Learn how to define Target Hostname extractors in Speedscale to efficiently filter and manipulate traffic data according to your application's needs. This documentation provides detailed guidance on implementation and configuration for optimal traffic analysis.",1730812049272
https://docs.speedscale.com/guides/load-patterns/,"Discover effective load patterns to optimize performance testing with Speedscale, as detailed in this comprehensive guide. Learn how to simulate real-world traffic scenarios to enhance application resilience and scalability.",1730812049281
https://docs.speedscale.com/reference/transform-traffic/transforms/one_of/,"Learn how to implement the "one_of" transform in Speedscale to streamline your traffic transformation process. This essential guide provides detailed instructions and examples for effective configuration and usage.",1730812049333
https://docs.speedscale.com/setup/install/beanstalk/,"This documentation provides a step-by-step guide for installing Speedscale on AWS Elastic Beanstalk, focusing on configuration and deployment best practices. It ensures seamless integration and optimal performance for applications running in the cloud environment.",1730812049349
https://docs.speedscale.com/guides/graphql/,"Discover how to implement and optimize GraphQL applications with Speedscale, including best practices and troubleshooting tips. This comprehensive guide provides developers with essential insights for enhancing performance and ensuring robust functionality in their GraphQL services.",1730812049356
https://docs.speedscale.com/reference/transform-traffic/transforms/regex/,"Discover how to effectively use regular expressions with Speedscale transforms to filter and modify traffic data in your applications. This documentation provides a comprehensive guide to utilizing regex patterns for enhanced traffic transformation capabilities.",1730812049356
https://docs.speedscale.com/reference/transform-traffic/extractors/req_body/,"Discover how to utilize extractors in Speedscale to effectively manage request bodies by extracting essential data for your traffic transformations. This documentation provides detailed guidance on implementing request body extractors to enhance your application's observability and performance.",1730812049426
https://docs.speedscale.com/guides/smart_replace/,"Discover how to implement Smart Replace with Speedscale to automatically shift and enhance your API designs during testing. This guide provides step-by-step instructions for configuring Smart Replace, ensuring seamless transitions and improved efficiency in your development workflows.",1730812049474
https://docs.speedscale.com/reference/transform-traffic/transforms/smart_replace_csv/,"The Speedscale documentation outlines the Smart Replace CSV transform, which allows users to efficiently replace specific values in their traffic data by utilizing a CSV file. This feature enhances data manipulation and streamlines testing processes for improved application performance.",1730812049817
https://docs.speedscale.com/reference/transform-traffic/transforms/rand_string/,"Learn how to use Speedscale's Rand String transform to generate random string values within your traffic transformations, enhancing the flexibility and realism of your testing scenarios. This documentation provides detailed instructions and examples to help you implement this powerful feature effectively.",1730812049817
https://docs.speedscale.com/reference/transform-traffic/extractors/res_body/,"Discover how to effectively utilize Speedscale extractors to gather and manipulate response body data in your application traffic. This documentation provides detailed instructions and examples to optimize your monitoring and testing processes.",1730812049818
https://docs.speedscale.com/reference/transform-traffic/transforms/dlp_json/,"The Speedscale documentation provides detailed guidance on transforming traffic using DLP (Data Loss Prevention) in JSON format, ensuring effective management of sensitive data within your applications. Learn how to implement these transforms to enhance your data protection strategies.",1730812049840
https://docs.speedscale.com/setup/install/vm/,"Learn how to install Speedscale on a virtual machine with comprehensive, step-by-step instructions outlined in the official documentation. This guide covers system requirements, installation procedures, and troubleshooting tips to help you effectively set up Speedscale.",1730812049892
https://docs.speedscale.com/reference/configuration/assertions/httpresponsecookies/,"Learn how to configure HTTP response cookies in Speedscale by utilizing various assertion options to enhance testing accuracy. This comprehensive guide provides essential details on cookie attributes, enabling developers to validate response behaviors effectively.",1730812049926
https://docs.speedscale.com/setup/install/openshift/,"This documentation provides a comprehensive guide on installing Speedscale in an OpenShift environment, detailing the necessary prerequisites and step-by-step instructions. Enhance your development workflow by seamlessly integrating Speedscale's capabilities into your OpenShift setup.",1730812050544
https://docs.speedscale.com/reference/configuration/assertions/assert-http-headers/,"Learn how to configure HTTP header assertions in Speedscale to validate the presence of specific headers in your API responses. This documentation provides detailed guidelines and examples to effectively implement and utilize these assertions for improved API performance and reliability.",1730812051144